{"training loss": 1.5071010142564774, "_timestamp": 1651189274, "_runtime": 34946, "training reward": -3.094328003356104, "_step": 2999, "testing reward": 12.65566306052925, "_wandb": {"runtime": 34947}}