{"training loss": 0.5209683440625668, "_timestamp": 1651093654, "_runtime": 7, "training reward": -331.35103132168064, "_step": 38, "testing reward": -297.9964822839742, "_wandb": {"runtime": 9}}