{"training loss": Infinity, "_timestamp": 1651092919, "_runtime": 3, "training reward": -546.7890990950734, "_step": 14, "testing reward": -1115.0825821032847, "_wandb": {"runtime": 4}}