{"training loss": 0.37953445821767673, "_timestamp": 1651086194, "_runtime": 34626, "training reward": 7.205430259520664, "_step": 2999, "testing reward": -89.89336356955496, "_wandb": {"runtime": 34627}}