{"training loss": 0.43414718098938465, "_timestamp": 1651010157, "_runtime": 6624, "training reward": -114.48538706930371, "_step": 2998, "testing reward": -67.67229772908559}