{"training loss": Infinity, "_timestamp": 1651093878, "_runtime": 3, "training reward": -641.037454628406, "_step": 18, "testing reward": -958.8397895599394, "_wandb": {"runtime": 4}}