{"training loss": Infinity, "_timestamp": 1651093986, "_runtime": 3, "training reward": -617.5251763768738, "_step": 18, "testing reward": -761.9534739795881, "_wandb": {"runtime": 4}}