{"training loss": 1.9695540008623713e+23, "_timestamp": 1651092842, "_runtime": 2, "training reward": -986.7043161607378, "_step": 9, "_wandb": {"runtime": 3}}