{"training loss": 1.4875817411169348e+22, "_timestamp": 1651092777, "_runtime": 3, "training reward": -521.0265176089739, "_step": 9, "_wandb": {"runtime": 3}}