{"training loss": 0.29562980867922306, "_timestamp": 1651408001, "_runtime": 1, "training reward": -192.7426562818514, "_step": 0, "_wandb": {"runtime": 3}}