{"training loss": 0.392980620265007, "_timestamp": 1651488609, "_runtime": 58569, "training reward": -106.706297135256, "_step": 2999, "testing reward": -142.3918082349464, "_wandb": {"runtime": 58570}}