{"training loss": Infinity, "_timestamp": 1651093443, "_runtime": 3, "training reward": -955.9570048139182, "_step": 15, "testing reward": -747.1145718221876, "_wandb": {"runtime": 4}}