{"training loss": 0.41850441694259644, "_timestamp": 1651093961, "_runtime": 1, "training reward": -307.69739391493965, "_step": 0, "_wandb": {"runtime": 3}}