{"training loss": 0.42539830319583416, "_timestamp": 1651093380, "_runtime": 1, "training reward": -254.33592532412808, "_step": 0, "_wandb": {"runtime": 3}}