{"training loss": 0.4533262215554714, "_timestamp": 1651093426, "_runtime": 5, "training reward": -368.3236123474587, "_step": 29, "testing reward": -1354.6330681773911, "_wandb": {"runtime": 7}}