{"training loss": 0.2769719250500202, "_timestamp": 1651327121, "_runtime": 105, "training reward": -195.81230692629637, "_step": 657, "testing reward": -277.76590632294983, "_wandb": {"runtime": 106}}