{"training loss": 0.4492260739207268, "_timestamp": 1651429671, "_runtime": 2, "training reward": -239.55284991916676, "_step": 0, "_wandb": {"runtime": 3}}