{"training loss": Infinity, "_timestamp": 1651093070, "_runtime": 2, "training reward": -887.8794746565055, "_step": 13, "testing reward": -736.1335387042607, "_wandb": {"runtime": 4}}